Date,Index_Close,Index_return
01-01-2020,12182.5,0.001154609
02-01-2020,12282.2002,0.008183886
03-01-2020,12226.65039,-0.004522789
06-01-2020,11993.0498,-0.019105853
07-01-2020,12052.9502,0.004994592
08-01-2020,12025.34961,-0.002289944
09-01-2020,12215.90039,0.015845758
10-01-2020,12256.7998,0.003348047
13-01-2020,12329.5498,0.005935481
14-01-2020,12362.2998,0.00265622
15-01-2020,12343.2998,-0.001536931
16-01-2020,12355.5,0.000988406
17-01-2020,12352.34961,-0.000254979
20-01-2020,12224.5498,-0.010346194
21-01-2020,12169.84961,-0.004474618
22-01-2020,12106.90039,-0.005172555
23-01-2020,12180.34961,0.006066724
24-01-2020,12248.25,0.005574585
27-01-2020,12119,-0.010552528
28-01-2020,12055.7998,-0.005214968
29-01-2020,12129.5,0.006113256
30-01-2020,12035.7998,-0.007724984
31-01-2020,11962.09961,-0.006123415
03-02-2020,11707.90039,-0.021250385
04-02-2020,11979.65039,0.023210823
05-02-2020,12089.15039,0.0091405
06-02-2020,12137.9502,0.004036661
07-02-2020,12098.34961,-0.003262543
10-02-2020,12031.5,-0.005525515
11-02-2020,12107.90039,0.00635003
12-02-2020,12201.2002,0.007705696
13-02-2020,12174.65039,-0.002175999
14-02-2020,12113.4502,-0.005026854
17-02-2020,12045.7998,-0.005584733
18-02-2020,11992.5,-0.004424763
19-02-2020,12125.90039,0.011123652
20-02-2020,12080.84961,-0.003715252
24-02-2020,11829.40039,-0.020813869
25-02-2020,11797.90039,-0.002662857
26-02-2020,11678.5,-0.010120478
27-02-2020,11633.2998,-0.003870377
28-02-2020,11201.75,-0.037096079
02-03-2020,11132.75,-0.006159752
03-03-2020,11303.2998,0.015319647
04-03-2020,11251,-0.00462695
05-03-2020,11269,0.001599858
06-03-2020,10989.4502,-0.024806975
09-03-2020,10451.4502,-0.048956043
11-03-2020,10458.40039,0.000664998
12-03-2020,9590.150391,-0.083019388
13-03-2020,9955.200195,0.038065076
16-03-2020,9197.400391,-0.076121001
17-03-2020,8967.049805,-0.025045184
18-03-2020,8468.799805,-0.05556454
19-03-2020,8263.450195,-0.024247782
20-03-2020,8745.450195,0.058329147
23-03-2020,7610.25,-0.129804661
24-03-2020,7801.049805,0.025071424
25-03-2020,8317.849609,0.066247469
26-03-2020,8641.450195,0.038904356
27-03-2020,8660.25,0.002175538
30-03-2020,8281.099609,-0.043780536
31-03-2020,8597.75,0.038237723
01-04-2020,8253.799805,-0.040004675
03-04-2020,8083.799805,-0.020596574
07-04-2020,8792.200195,0.087632105
08-04-2020,8748.75,-0.004941902
09-04-2020,9111.900391,0.041508832
13-04-2020,8993.849609,-0.012955671
15-04-2020,8925.299805,-0.007621854
16-04-2020,8992.799805,0.007562771
17-04-2020,9266.75,0.030463282
20-04-2020,9261.849609,-0.000528814
21-04-2020,8981.450195,-0.030274667
22-04-2020,9187.299805,0.022919418
23-04-2020,9313.900391,0.013779956
24-04-2020,9154.400391,-0.017124942
27-04-2020,9282.299805,0.013971359
28-04-2020,9380.900391,0.010622431
29-04-2020,9553.349609,0.018383014
30-04-2020,9859.900391,0.032088303
04-05-2020,9293.5,-0.057444839
05-05-2020,9205.599609,-0.009458266
06-05-2020,9270.900391,0.007093593
07-05-2020,9199.049805,-0.00775012
08-05-2020,9251.5,0.005701697
11-05-2020,9239.200195,-0.001329493
12-05-2020,9196.549805,-0.004616243
13-05-2020,9383.549805,0.020333713
14-05-2020,9142.75,-0.025661909
15-05-2020,9136.849609,-0.000645363
18-05-2020,8823.25,-0.03432251
19-05-2020,8879.099609,0.006329823
20-05-2020,9066.549805,0.021111397
21-05-2020,9106.25,0.004378754
22-05-2020,9039.25,-0.007357584
26-05-2020,9029.049805,-0.001128434
27-05-2020,9314.950195,0.031664505
28-05-2020,9490.099609,0.018803044
29-05-2020,9580.299805,0.009504663
01-06-2020,9826.150391,0.025662097
02-06-2020,9979.099609,0.015565528
03-06-2020,10061.5498,0.008262288
04-06-2020,10029.09961,-0.003225169
05-06-2020,10142.15039,0.011272276
08-06-2020,10167.4502,0.002494521
09-06-2020,10046.65039,-0.011881032
10-06-2020,10116.15039,0.006917729
11-06-2020,9902,-0.021169158
12-06-2020,9972.900391,0.007160209
15-06-2020,9813.700195,-0.015963279
16-06-2020,9914,0.010220386
17-06-2020,9881.150391,-0.003313457
18-06-2020,10091.65039,0.021303188
19-06-2020,10244.40039,0.015136275
22-06-2020,10311.2002,0.006520616
23-06-2020,10471,0.015497692
24-06-2020,10305.2998,-0.015824677
25-06-2020,10288.90039,-0.001591357
26-06-2020,10383,0.00914574
29-06-2020,10312.40039,-0.006799539
30-06-2020,10302.09961,-0.000998873
01-07-2020,10430.0498,0.012419817
02-07-2020,10551.7002,0.011663453
03-07-2020,10607.34961,0.005273976
06-07-2020,10763.65039,0.01473514
07-07-2020,10799.65039,0.00334459
08-07-2020,10705.75,-0.008694762
09-07-2020,10813.4502,0.010060033
10-07-2020,10768.0498,-0.004198511
13-07-2020,10802.7002,0.003217889
14-07-2020,10607.34961,-0.018083496
15-07-2020,10618.2002,0.001022931
16-07-2020,10739.9502,0.011466162
17-07-2020,10901.7002,0.015060591
20-07-2020,11022.2002,0.011053322
21-07-2020,11162.25,0.012706157
22-07-2020,11132.59961,-0.002656309
23-07-2020,11215.4502,0.00744216
24-07-2020,11194.15039,-0.001899148
27-07-2020,11131.7998,-0.005569926
28-07-2020,11300.5498,0.015159274
29-07-2020,11202.84961,-0.008645614
30-07-2020,11102.15039,-0.008988715
31-07-2020,11073.4502,-0.002585102
03-08-2020,10891.59961,-0.016422216
04-08-2020,11095.25,0.018697932
05-08-2020,11101.65039,0.000576859
06-08-2020,11200.15039,0.008872555
07-08-2020,11214.0498,0.001241002
10-08-2020,11270.15039,0.005002705
11-08-2020,11322.5,0.004644979
12-08-2020,11308.40039,-0.001245274
13-08-2020,11300.4502,-0.000703034
14-08-2020,11178.40039,-0.010800437
17-08-2020,11247.09961,0.006145711
18-08-2020,11385.34961,0.012292058
19-08-2020,11408.40039,0.0020246
20-08-2020,11312.2002,-0.0084324
21-08-2020,11371.59961,0.005250916
24-08-2020,11466.4502,0.008341006
25-08-2020,11472.25,0.000505806
26-08-2020,11549.59961,0.006742323
27-08-2020,11559.25,0.000835561
28-08-2020,11647.59961,0.007643196
31-08-2020,11387.5,-0.022330748
01-09-2020,11470.25,0.00726674
02-09-2020,11535,0.005645038
03-09-2020,11527.4502,-0.000654513
04-09-2020,11333.84961,-0.016794745
07-09-2020,11355.0498,0.00187052
08-09-2020,11317.34961,-0.003320126
09-09-2020,11278,-0.003476928
10-09-2020,11449.25,0.01518443
11-09-2020,11464.4502,0.001327615
14-09-2020,11440.0498,-0.002128352
15-09-2020,11521.7998,0.007145948
16-09-2020,11604.5498,0.007182038
17-09-2020,11516.09961,-0.007622027
18-09-2020,11504.9502,-0.000968159
21-09-2020,11250.5498,-0.022112255
22-09-2020,11153.65039,-0.00861286
23-09-2020,11131.84961,-0.001954587
24-09-2020,10805.5498,-0.029312272
25-09-2020,11050.25,0.022645788
28-09-2020,11227.5498,0.016044868
29-09-2020,11222.40039,-0.000458641
30-09-2020,11247.5498,0.002241001
01-10-2020,11416.9502,0.015061093
05-10-2020,11503.34961,0.007567644
06-10-2020,11662.40039,0.013826475
07-10-2020,11738.84961,0.006555187
08-10-2020,11834.59961,0.008156677
09-10-2020,11914.2002,0.00672609
12-10-2020,11930.9502,0.001405885
13-10-2020,11934.5,0.000297529
14-10-2020,11971.0498,0.003062533
15-10-2020,11680.34961,-0.024283601
16-10-2020,11762.4502,0.007028949
19-10-2020,11873.0498,0.00940277
20-10-2020,11896.7998,0.002000329
21-10-2020,11937.65039,0.003433746
22-10-2020,11896.4502,-0.003451282
23-10-2020,11930.34961,0.00284954
26-10-2020,11767.75,-0.013629073
27-10-2020,11889.40039,0.010337608
28-10-2020,11729.59961,-0.013440609
29-10-2020,11670.7998,-0.005012942
30-10-2020,11642.40039,-0.002433373
02-11-2020,11669.15039,0.002297636
03-11-2020,11813.5,0.01237019
04-11-2020,11908.5,0.008041647
05-11-2020,12120.2998,0.017785599
06-11-2020,12263.5498,0.011819015
09-11-2020,12461.0498,0.016104636
10-11-2020,12631.09961,0.013646507
11-11-2020,12749.15039,0.009346042
12-11-2020,12690.7998,-0.004576822
13-11-2020,12719.9502,0.00229697
17-11-2020,12874.2002,0.01212662
18-11-2020,12938.25,0.004975051
19-11-2020,12771.7002,-0.012872669
20-11-2020,12859.0498,0.006839309
23-11-2020,12926.4502,0.005241475
24-11-2020,13055.15039,0.009956345
25-11-2020,12858.40039,-0.01507068
26-11-2020,12987,0.010001214
27-11-2020,12968.9502,-0.001389836
01-12-2020,13109.0498,0.010802695
02-12-2020,13113.75,0.000358546
03-12-2020,13133.90039,0.001536585
04-12-2020,13258.5498,0.009490662
07-12-2020,13355.75,0.007331133
08-12-2020,13392.9502,0.002785332
09-12-2020,13529.09961,0.010165752
10-12-2020,13478.2998,-0.003754855
11-12-2020,13513.84961,0.002637559
14-12-2020,13558.15039,0.003278176
15-12-2020,13567.84961,0.000715379
16-12-2020,13682.7002,0.008464907
17-12-2020,13740.7002,0.004238929
18-12-2020,13760.5498,0.001444585
21-12-2020,13328.40039,-0.031404953
22-12-2020,13466.2998,0.010346284
23-12-2020,13601.09961,0.010010159
24-12-2020,13749.25,0.01089253
28-12-2020,13873.2002,0.009015051
29-12-2020,13932.59961,0.004281594
30-12-2020,13981.9502,0.003542095
31-12-2020,13981.75,-1.43181E-05
01-01-2021,14018.5,0.002628426
04-01-2021,14132.90039,0.008160673
05-01-2021,14199.5,0.004712381
06-01-2021,14146.25,-0.003750132
07-01-2021,14137.34961,-0.00062917
08-01-2021,14347.25,0.014847224
11-01-2021,14484.75,0.009583718
12-01-2021,14563.4502,0.005433314
13-01-2021,14564.84961,9.60908E-05
14-01-2021,14595.59961,0.002111247
15-01-2021,14433.7002,-0.011092344
18-01-2021,14281.2998,-0.01055865
19-01-2021,14521.15039,0.016794731
20-01-2021,14644.7002,0.008508266
21-01-2021,14590.34961,-0.00371128
22-01-2021,14371.90039,-0.014972172
25-01-2021,14238.90039,-0.009254169
27-01-2021,13967.5,-0.019060488
28-01-2021,13817.5498,-0.01073565
29-01-2021,13634.59961,-0.013240422
01-02-2021,14281.2002,0.047423511
02-02-2021,14647.84961,0.025673571
03-02-2021,14789.9502,0.009701123
04-02-2021,14895.65039,0.007146758
05-02-2021,14924.25,0.001919997
08-02-2021,15115.7998,0.012834803
09-02-2021,15109.2998,-0.000430014
10-02-2021,15106.5,-0.000185303
11-02-2021,15173.2998,0.004421925
12-02-2021,15163.2998,-0.000659052
15-02-2021,15314.7002,0.00998466
16-02-2021,15313.4502,-8.16209E-05
17-02-2021,15208.90039,-0.006827319
18-02-2021,15118.9502,-0.005914313
19-02-2021,14981.75,-0.009074717
22-02-2021,14675.7002,-0.020428175
23-02-2021,14707.7998,0.002187263
24-02-2021,14982,0.018643182
25-02-2021,15097.34961,0.007699213
26-02-2021,14529.15039,-0.037635693
01-03-2021,14761.5498,0.015995389
02-03-2021,14919.09961,0.010672985
03-03-2021,15245.59961,0.021884699
04-03-2021,15080.75,-0.010812931
05-03-2021,14938.09961,-0.009459105
08-03-2021,14956.2002,0.001211706
09-03-2021,15098.40039,0.009507776
10-03-2021,15174.7998,0.0050601
12-03-2021,15030.9502,-0.009479506
15-03-2021,14929.5,-0.00674942
16-03-2021,14910.4502,-0.001275984
17-03-2021,14721.2998,-0.01268576
18-03-2021,14557.84961,-0.011102973
19-03-2021,14744,0.012786943
22-03-2021,14736.40039,-0.000515437
23-03-2021,14814.75,0.00531674
24-03-2021,14549.40039,-0.017911177
25-03-2021,14324.90039,-0.015430189
26-03-2021,14507.2998,0.012733032
30-03-2021,14845.09961,0.023284816
31-03-2021,14690.7002,-0.010400699
01-04-2021,14867.34961,0.012024574
05-04-2021,14637.7998,-0.015439861
06-04-2021,14683.5,0.003122067
07-04-2021,14819.0498,0.009231437
08-04-2021,14873.7998,0.003694569
09-04-2021,14834.84961,-0.002618712
12-04-2021,14310.7998,-0.035325589
13-04-2021,14504.7998,0.013556196
15-04-2021,14581.4502,0.005284485
16-04-2021,14617.84961,0.002496282
19-04-2021,14359.4502,-0.017676979
20-04-2021,14296.40039,-0.004390823
22-04-2021,14406.15039,0.007676758
23-04-2021,14341.34961,-0.004498133
26-04-2021,14485,0.010016518
27-04-2021,14653.0498,0.011601643
28-04-2021,14864.5498,0.014433855
29-04-2021,14894.90039,0.00204181
30-04-2021,14631.09961,-0.017710812
03-05-2021,14634.15039,0.000208513
04-05-2021,14496.5,-0.009406107
05-05-2021,14617.84961,0.008370959
06-05-2021,14724.7998,0.007316411
07-05-2021,14823.15039,0.006679248
10-05-2021,14942.34961,0.008041423
11-05-2021,14850.75,-0.006130201
12-05-2021,14696.5,-0.010386681
14-05-2021,14677.7998,-0.001272425
17-05-2021,14923.15039,0.01671576
18-05-2021,15108.09961,0.012393443
19-05-2021,15030.15039,-0.005159432
20-05-2021,14906.0498,-0.008256776
21-05-2021,15175.2998,0.018063136
24-05-2021,15197.7002,0.001476109
25-05-2021,15208.4502,0.000707344
26-05-2021,15301.4502,0.006115022
27-05-2021,15337.84961,0.002378821
28-05-2021,15435.65039,0.006376434
31-05-2021,15582.7998,0.009533088
01-06-2021,15574.84961,-0.00051019
02-06-2021,15576.2002,8.67158E-05
03-06-2021,15690.34961,0.007328451
04-06-2021,15670.25,-0.001281017
07-06-2021,15751.65039,0.005194581
08-06-2021,15740.09961,-0.000733306
09-06-2021,15635.34961,-0.006654977
10-06-2021,15737.75,0.006549287
11-06-2021,15799.34961,0.003914131
14-06-2021,15811.84961,0.000791172
15-06-2021,15869.25,0.003630214
16-06-2021,15767.5498,-0.006408633
17-06-2021,15691.40039,-0.004829502
18-06-2021,15683.34961,-0.00051307
21-06-2021,15746.5,0.004026588
22-06-2021,15772.75,0.001667037
23-06-2021,15686.9502,-0.005439749
24-06-2021,15790.4502,0.006597841
25-06-2021,15860.34961,0.004426689
28-06-2021,15814.7002,-0.00287821
29-06-2021,15748.4502,-0.00418914
30-06-2021,15721.5,-0.001711292
01-07-2021,15680,-0.002639697
02-07-2021,15722.2002,0.002691339
05-07-2021,15834.34961,0.007133188
06-07-2021,15818.25,-0.001016752
07-07-2021,15879.65039,0.003881617
08-07-2021,15727.90039,-0.009556256
09-07-2021,15689.7998,-0.002422484
12-07-2021,15692.59961,0.000178447
13-07-2021,15812.34961,0.007630985
14-07-2021,15853.9502,0.002630892
15-07-2021,15924.2002,0.004431072
16-07-2021,15923.40039,-5.02257E-05
19-07-2021,15752.40039,-0.010738912
20-07-2021,15632.09961,-0.007636981
22-07-2021,15824.0498,0.012279233
23-07-2021,15856.0498,0.002022238
26-07-2021,15824.4502,-0.001992906
27-07-2021,15746.4502,-0.004929081
28-07-2021,15709.40039,-0.002352899
29-07-2021,15778.4502,0.004395445
30-07-2021,15763.0498,-0.000976039
02-08-2021,15885.15039,0.007746
03-08-2021,16130.75,0.015460956
04-08-2021,16258.7998,0.007938242
05-08-2021,16294.59961,0.002201873
06-08-2021,16238.2002,-0.003461234
09-08-2021,16258.25,0.001234731
10-08-2021,16280.09961,0.001343909
11-08-2021,16282.25,0.000132087
12-08-2021,16364.40039,0.005045395
13-08-2021,16529.09961,0.010064482
16-08-2021,16563.05078,0.002054024
17-08-2021,16614.59961,0.003112279
18-08-2021,16568.84961,-0.002753602
20-08-2021,16450.5,-0.007142898
23-08-2021,16496.44922,0.002793181
24-08-2021,16624.59961,0.007768362
25-08-2021,16634.65039,0.000604573
26-08-2021,16636.90039,0.00013526
27-08-2021,16705.19922,0.004105262
30-08-2021,16931.05078,0.013519837
31-08-2021,17132.19922,0.011880446
01-09-2021,17076.25,-0.003265735
02-09-2021,17234.15039,0.009246784
03-09-2021,17323.59961,0.005190231
06-09-2021,17377.80078,0.003128748
07-09-2021,17362.09961,-0.000903519
08-09-2021,17353.5,-0.000495309
09-09-2021,17369.25,0.000907598
13-09-2021,17355.30078,-0.000803099
14-09-2021,17380,0.001423151
15-09-2021,17519.44922,0.008023545
16-09-2021,17629.5,0.006281635
17-09-2021,17585.15039,-0.002515648
20-09-2021,17396.90039,-0.010705055
21-09-2021,17562,0.009490174
22-09-2021,17546.65039,-0.000874024
23-09-2021,17822.94922,0.015746528
24-09-2021,17853.19922,0.00169725
27-09-2021,17855.09961,0.000106445
28-09-2021,17748.59961,-0.005964682
29-09-2021,17711.30078,-0.002101508
30-09-2021,17618.15039,-0.005259376
01-10-2021,17532.05078,-0.004886983
04-10-2021,17691.25,0.009080468
05-10-2021,17822.30078,0.007407661
06-10-2021,17646,-0.009892145
07-10-2021,17790.34961,0.008180302
08-10-2021,17895.19922,0.005893623
11-10-2021,17945.94922,0.002835956
12-10-2021,17991.94922,0.002563253
13-10-2021,18161.75,0.009437598
14-10-2021,18338.55078,0.009734788
18-10-2021,18477.05078,0.007552396
19-10-2021,18418.75,-0.003155308
20-10-2021,18266.59961,-0.008260625
21-10-2021,18178.09961,-0.004844908
22-10-2021,18114.90039,-0.003476668
25-10-2021,18125.40039,0.000579633
26-10-2021,18268.40039,0.007889481
27-10-2021,18210.94922,-0.003144839
28-10-2021,17857.25,-0.019422338
29-10-2021,17671.65039,-0.010393516
01-11-2021,17929.65039,0.014599655
02-11-2021,17888.94922,-0.002270048
03-11-2021,17829.19922,-0.003340051
04-11-2021,17916.80078,0.004913376
08-11-2021,18068.55078,0.008469704
09-11-2021,18044.25,-0.001344921
10-11-2021,18017.19922,-0.001499136
11-11-2021,17873.59961,-0.007970141
12-11-2021,18102.75,0.012820607
15-11-2021,18109.44922,0.000370066
16-11-2021,17999.19922,-0.006087982
17-11-2021,17898.65039,-0.005586295
18-11-2021,17764.80078,-0.007478196
22-11-2021,17416.55078,-0.019603372
23-11-2021,17503.34961,0.004983698
24-11-2021,17415.05078,-0.005044682
25-11-2021,17536.25,0.006959453
26-11-2021,17026.44922,-0.029071254
29-11-2021,17053.94922,0.001615134
30-11-2021,16983.19922,-0.004148599
01-12-2021,17166.90039,0.010816641
02-12-2021,17401.65039,0.013674571
03-12-2021,17196.69922,-0.011777686
06-12-2021,16912.25,-0.01654092
07-12-2021,17176.69922,0.015636549
08-12-2021,17469.75,0.017060949
09-12-2021,17516.84961,0.002696067
10-12-2021,17511.30078,-0.000316771
13-12-2021,17368.25,-0.008169055
14-12-2021,17324.90039,-0.002495911
15-12-2021,17221.40039,-0.00597406
16-12-2021,17248.40039,0.001567817
17-12-2021,16985.19922,-0.015259454
20-12-2021,16614.19922,-0.021842546
21-12-2021,16770.84961,0.009428705
22-12-2021,16955.44922,0.011007171
23-12-2021,17072.59961,0.006909306
24-12-2021,17003.75,-0.004032755
27-12-2021,17086.25,0.004851871
28-12-2021,17233.25,0.008603409
29-12-2021,17213.59961,-0.00114026
30-12-2021,17203.94922,-0.000560626
31-12-2021,17354.05078,0.008724832
03-01-2022,17625.69922,0.015653316
04-01-2022,17805.25,0.010186874
05-01-2022,17925.25,0.006739585
06-01-2022,17745.90039,-0.010005417
07-01-2022,17812.69922,0.003764184
10-01-2022,18003.30078,0.010700319
11-01-2022,18055.75,0.002913311
12-01-2022,18212.34961,0.008673116
13-01-2022,18257.80078,0.002495624
14-01-2022,18255.75,-0.000112324
17-01-2022,18308.09961,0.002867568
18-01-2022,18113.05078,-0.010653691
19-01-2022,17938.40039,-0.00964224
20-01-2022,17757,-0.010112406
21-01-2022,17617.15039,-0.007875745
24-01-2022,17149.09961,-0.026567905
25-01-2022,17277.94922,0.007513491
27-01-2022,17110.15039,-0.009711733
28-01-2022,17101.94922,-0.000479316
31-01-2022,17339.84961,0.013910718
01-02-2022,17576.84961,0.013667939
02-02-2022,17780,0.011557839
03-02-2022,17560.19922,-0.012362249
04-02-2022,17516.30078,-0.002499883
07-02-2022,17213.59961,-0.017281113
08-02-2022,17266.75,0.003087698
09-02-2022,17463.80078,0.011412152
10-02-2022,17605.84961,0.008133901
11-02-2022,17374.75,-0.013126297
14-02-2022,16842.80078,-0.030616223
15-02-2022,17352.44922,0.030259126
16-02-2022,17322.19922,-0.00174327
17-02-2022,17304.59961,-0.001016015
18-02-2022,17276.30078,-0.001635336
21-02-2022,17206.65039,-0.004031557
22-02-2022,17092.19922,-0.006651566
23-02-2022,17063.25,-0.001693709
24-02-2022,16247.9502,-0.047781038
25-02-2022,16658.40039,0.02526166
28-02-2022,16793.90039,0.008134034
02-03-2022,16605.94922,-0.011191633
03-03-2022,16498.05078,-0.006497577
04-03-2022,16245.34961,-0.015317032
07-03-2022,15863.15039,-0.023526685
08-03-2022,16013.4502,0.009474777
09-03-2022,16345.34961,0.02072629
10-03-2022,16594.90039,0.015267387
11-03-2022,16630.44922,0.002142154
14-03-2022,16871.30078,0.014482565
15-03-2022,16663,-0.012346457
16-03-2022,16975.34961,0.0187451
17-03-2022,17287.05078,0.018361988
21-03-2022,17117.59961,-0.009802202
22-03-2022,17315.5,0.011561223
23-03-2022,17245.65039,-0.004033935
24-03-2022,17222.75,-0.001327894
25-03-2022,17153,-0.004049876
28-03-2022,17222,0.00402262
29-03-2022,17325.30078,0.005998187
30-03-2022,17498.25,0.009982466
31-03-2022,17464.75,-0.001914477
01-04-2022,17670.44922,0.011777965
04-04-2022,18053.40039,0.021671841
05-04-2022,17957.40039,-0.005317558
06-04-2022,17807.65039,-0.00833918
07-04-2022,17639.55078,-0.009439741
08-04-2022,17784.34961,0.008208759
11-04-2022,17674.94922,-0.006151498
12-04-2022,17530.30078,-0.008183811
13-04-2022,17475.65039,-0.003117482
18-04-2022,17173.65039,-0.017281188
19-04-2022,16958.65039,-0.012519179
20-04-2022,17136.55078,0.010490245
21-04-2022,17392.59961,0.014941678
22-04-2022,17171.94922,-0.012686453
25-04-2022,16953.94922,-0.012695123
26-04-2022,17200.80078,0.014560122
27-04-2022,17038.40039,-0.009441444
28-04-2022,17245.05078,0.012128509
29-04-2022,17102.55078,-0.00826324
02-05-2022,17069.09961,-0.001955917
04-05-2022,16677.59961,-0.022936183
05-05-2022,16682.65039,0.000302848
06-05-2022,16411.25,-0.016268422
09-05-2022,16301.84961,-0.006666183
10-05-2022,16240.0498,-0.003790969
11-05-2022,16167.09961,-0.004491993
12-05-2022,15808,-0.022211752
13-05-2022,15782.15039,-0.001635223
16-05-2022,15842.2998,0.003811231
17-05-2022,16259.2998,0.026321936
18-05-2022,16240.2998,-0.001168562
19-05-2022,15809.40039,-0.026532725
20-05-2022,16266.15039,0.028891039
23-05-2022,16214.7002,-0.003163022
24-05-2022,16125.15039,-0.005522754
25-05-2022,16025.7998,-0.006161219
26-05-2022,16170.15039,0.009007387
27-05-2022,16352.4502,0.011273847
30-05-2022,16661.40039,0.018893205
31-05-2022,16584.55078,-0.004612434
01-06-2022,16522.75,-0.003726407
02-06-2022,16628,0.006370005
03-06-2022,16584.30078,-0.00262805
06-06-2022,16569.55078,-0.000889395
07-06-2022,16416.34961,-0.009245946
08-06-2022,16356.25,-0.003660961
09-06-2022,16478.09961,0.007449728
10-06-2022,16201.7998,-0.016767698
13-06-2022,15774.40039,-0.026379749
14-06-2022,15732.09961,-0.002681609
15-06-2022,15692.15039,-0.002539344
16-06-2022,15360.59961,-0.021128448
17-06-2022,15293.5,-0.004368294
20-06-2022,15350.15039,0.003704214
21-06-2022,15638.7998,0.018804338
22-06-2022,15413.2998,-0.014419265
23-06-2022,15556.65039,0.009300448
24-06-2022,15699.25,0.009166473
27-06-2022,15832.0498,0.00845899
28-06-2022,15850.2002,0.001146433
29-06-2022,15799.09961,-0.003223971
30-06-2022,15780.25,-0.001193081
01-07-2022,15752.0498,-0.001787056
04-07-2022,15835.34961,0.005288188
05-07-2022,15810.84961,-0.001547171
06-07-2022,15989.7998,0.01131819
07-07-2022,16132.90039,0.008949492
08-07-2022,16220.59961,0.005436048
11-07-2022,16216,-0.000283566
12-07-2022,16058.2998,-0.009724975
13-07-2022,15966.65039,-0.005707293
14-07-2022,15938.65039,-0.001753655
15-07-2022,16049.2002,0.006935958
18-07-2022,16278.5,0.014287304
19-07-2022,16340.5498,0.003811764
20-07-2022,16520.84961,0.011033889
21-07-2022,16605.25,0.00510872
22-07-2022,16719.44922,0.006877296
25-07-2022,16631,-0.005290199
26-07-2022,16483.84961,-0.008847958
27-07-2022,16641.80078,0.009582177
28-07-2022,16929.59961,0.017293731
29-07-2022,17158.25,0.013505954
01-08-2022,17340.05078,0.010595532
02-08-2022,17345.44922,0.000311328
03-08-2022,17388.15039,0.002461808
04-08-2022,17382,-0.000353712
05-08-2022,17397.5,0.000891727
08-08-2022,17525.09961,0.007334365
10-08-2022,17534.75,0.000550661
11-08-2022,17659,0.007085929
12-08-2022,17698.15039,0.002217022
16-08-2022,17825.25,0.007181519
17-08-2022,17944.25,0.006675923
18-08-2022,17956.5,0.00068267
19-08-2022,17758.44922,-0.011029476
22-08-2022,17490.69922,-0.01507733
23-08-2022,17577.5,0.004962682
24-08-2022,17604.94922,0.001561611
25-08-2022,17522.44922,-0.004686182
26-08-2022,17558.90039,0.002080256
29-08-2022,17312.90039,-0.014009989
30-08-2022,17759.30078,0.025784264
01-09-2022,17542.80078,-0.012190795
02-09-2022,17539.44922,-0.000191051
05-09-2022,17665.80078,0.00720385
06-09-2022,17655.59961,-0.000577453
07-09-2022,17624.40039,-0.0017671
08-09-2022,17798.75,0.009892513
09-09-2022,17833.34961,0.001943935
12-09-2022,17936.34961,0.005775696
13-09-2022,18070.05078,0.007454202
14-09-2022,18003.75,-0.003669098
15-09-2022,17877.40039,-0.007017961
16-09-2022,17530.84961,-0.019384853
19-09-2022,17622.25,0.005213689
20-09-2022,17816.25,0.01100881
21-09-2022,17718.34961,-0.005495005
22-09-2022,17629.80078,-0.004997578
23-09-2022,17327.34961,-0.017155677
26-09-2022,17016.30078,-0.017951322
27-09-2022,17007.40039,-0.000523051
28-09-2022,16858.59961,-0.008749178
29-09-2022,16818.09961,-0.002402335
30-09-2022,17094.34961,0.016425756
03-10-2022,16887.34961,-0.012109264
04-10-2022,17274.30078,0.022913671
06-10-2022,17331.80078,0.003328644
07-10-2022,17314.65039,-0.000989533
10-10-2022,17241,-0.004253646
11-10-2022,16983.55078,-0.014932383
12-10-2022,17123.59961,0.008246145
13-10-2022,17014.34961,-0.006380084
14-10-2022,17185.69922,0.010070888
17-10-2022,17311.80078,0.007337587
18-10-2022,17486.94922,0.010117286
19-10-2022,17512.25,0.001446838
20-10-2022,17563.94922,0.002952175
21-10-2022,17576.30078,0.000703234
24-10-2022,17730.75,0.008787356
25-10-2022,17656.34961,-0.004196122
27-10-2022,17736.94922,0.004564908
28-10-2022,17786.80078,0.002810605
31-10-2022,18012.19922,0.01267223
01-11-2022,18145.40039,0.007395053
02-11-2022,18082.84961,-0.003447198
03-11-2022,18052.69922,-0.001667347
04-11-2022,18117.15039,0.003570168
07-11-2022,18202.80078,0.004727586
09-11-2022,18157,-0.002516139
10-11-2022,18028.19922,-0.007093726
11-11-2022,18349.69922,0.017833173
14-11-2022,18329.15039,-0.001119846
15-11-2022,18403.40039,0.004050924
16-11-2022,18409.65039,0.000339611
17-11-2022,18343.90039,-0.003571496
18-11-2022,18307.65039,-0.001976134
21-11-2022,18159.94922,-0.00806773
22-11-2022,18244.19922,0.00463933
23-11-2022,18267.25,0.001263458
24-11-2022,18484.09961,0.01187095
25-11-2022,18512.75,0.001550002
28-11-2022,18562.75,0.002700841
29-11-2022,18618.05078,0.002979127
30-11-2022,18758.34961,0.007535635
01-12-2022,18812.5,0.002886735
02-12-2022,18696.09961,-0.006187396
05-12-2022,18701.05078,0.000264824
06-12-2022,18642.75,-0.003117514
07-12-2022,18560.5,-0.004411903
08-12-2022,18609.34961,0.002631912
09-12-2022,18496.59961,-0.006058782
12-12-2022,18497.15039,2.97774E-05
13-12-2022,18608,0.005992794
14-12-2022,18660.30078,0.002810661
15-12-2022,18414.90039,-0.013150934
16-12-2022,18269,-0.007922953
19-12-2022,18420.44922,0.008289957
20-12-2022,18385.30078,-0.001908121
21-12-2022,18199.09961,-0.01012772
22-12-2022,18127.34961,-0.003942503
23-12-2022,17806.80078,-0.01768316
26-12-2022,18014.59961,0.011669633
27-12-2022,18132.30078,0.006533655
28-12-2022,18122.5,-0.000540515
29-12-2022,18191,0.003779832
30-12-2022,18105.30078,-0.004711078
02-01-2023,18197.44922,0.005089583
03-01-2023,18232.55078,0.001928928
04-01-2023,18042.94922,-0.010399069
05-01-2023,17992.15039,-0.002815439
06-01-2023,17859.44922,-0.007375504
09-01-2023,18101.19922,0.013536252
10-01-2023,17914.15039,-0.010333505
11-01-2023,17895.69922,-0.001029978
12-01-2023,17858.19922,-0.002095476
13-01-2023,17956.59961,0.005510096
16-01-2023,17894.84961,-0.003438847
17-01-2023,18053.30078,0.008854569
18-01-2023,18165.34961,0.006206556
19-01-2023,18107.84961,-0.003165367
20-01-2023,18027.65039,-0.004428975
23-01-2023,18118.55078,0.005042276
24-01-2023,18118.30078,-1.3798E-05
25-01-2023,17891.94922,-0.01249298
27-01-2023,17604.34961,-0.016074247
30-01-2023,17648.94922,0.002533443
31-01-2023,17662.15039,0.000747986
01-02-2023,17616.30078,-0.002595925
02-02-2023,17610.40039,-0.000334939
03-02-2023,17854.05078,0.013835596
06-02-2023,17764.59961,-0.005010133
07-02-2023,17721.5,-0.002426151
08-02-2023,17871.69922,0.008475536
09-02-2023,17893.44922,0.001217008
10-02-2023,17856.5,-0.002064958
13-02-2023,17770.90039,-0.004793751
14-02-2023,17929.84961,0.008944354
15-02-2023,18015.84961,0.004796471
16-02-2023,18035.84961,0.001110134
17-02-2023,17944.19922,-0.005081568
20-02-2023,17844.59961,-0.005550518
21-02-2023,17826.69922,-0.001003126
22-02-2023,17554.30078,-0.015280363
23-02-2023,17511.25,-0.002452435
24-02-2023,17465.80078,-0.00259543
27-02-2023,17392.69922,-0.004185411
28-02-2023,17303.94922,-0.005102716
01-03-2023,17450.90039,0.008492349
02-03-2023,17321.90039,-0.007392169
03-03-2023,17594.34961,0.015728599
06-03-2023,17711.44922,0.006655524
08-03-2023,17754.40039,0.002425051
09-03-2023,17589.59961,-0.00928225
10-03-2023,17412.90039,-0.010045665
13-03-2023,17154.30078,-0.014851036
14-03-2023,17043.30078,-0.006470681
15-03-2023,16972.15039,-0.004174684
16-03-2023,16985.59961,0.000792429
17-03-2023,17100.05078,0.00673813
20-03-2023,16988.40039,-0.006529243
21-03-2023,17107.5,0.007010643
22-03-2023,17151.90039,0.002595376
23-03-2023,17076.90039,-0.004372693
24-03-2023,16945.05078,-0.007720933
27-03-2023,16985.69922,0.002398838
28-03-2023,16951.69922,-0.002001684
29-03-2023,17080.69922,0.007609857
31-03-2023,17359.75,0.016337199
03-04-2023,17398.05078,0.002206298
05-04-2023,17557.05078,0.009138955
06-04-2023,17599.15039,0.002397875
10-04-2023,17624.05078,0.001414863
11-04-2023,17722.30078,0.005574768
12-04-2023,17812.40039,0.005083968
13-04-2023,17828,0.000875772
17-04-2023,17706.84961,-0.006795512
18-04-2023,17660.15039,-0.002637353
19-04-2023,17618.75,-0.002344283
20-04-2023,17624.44922,0.000323475
21-04-2023,17624.05078,-2.26071E-05
24-04-2023,17743.40039,0.006771974
25-04-2023,17769.25,0.001456858
26-04-2023,17813.59961,0.002495863
27-04-2023,17915.05078,0.005695153
28-04-2023,18065,0.008370014
02-05-2023,18147.65039,0.004575167
03-05-2023,18089.84961,-0.003185028
04-05-2023,18255.80078,0.009173718
05-05-2023,18069,-0.010232407
08-05-2023,18264.40039,0.010814123
09-05-2023,18265.94922,8.48004E-05
10-05-2023,18315.09961,0.002690821
11-05-2023,18297,-0.000988234
12-05-2023,18314.80078,0.00097288
15-05-2023,18398.84961,0.004589121
16-05-2023,18286.5,-0.006106339
17-05-2023,18181.75,-0.005728269
18-05-2023,18129.94922,-0.002849054
19-05-2023,18203.40039,0.004051372
22-05-2023,18314.40039,0.006097762
23-05-2023,18348,0.001834601
24-05-2023,18285.40039,-0.003411795
25-05-2023,18321.15039,0.001955112
26-05-2023,18499.34961,0.009726421
29-05-2023,18598.65039,0.005367799
30-05-2023,18633.84961,0.001892568
31-05-2023,18534.40039,-0.00533702
01-06-2023,18487.75,-0.002516962
02-06-2023,18534.09961,0.002507044
05-06-2023,18593.84961,0.003223788
06-06-2023,18599,0.000276994
07-06-2023,18726.40039,0.006849852
08-06-2023,18634.55078,-0.004904819
09-06-2023,18563.40039,-0.003818197
12-06-2023,18601.5,0.002052405
13-06-2023,18716.15039,0.006163502
14-06-2023,18755.90039,0.002123834
15-06-2023,18688.09961,-0.003614904
16-06-2023,18826,0.007379048
19-06-2023,18755.44922,-0.003747518
20-06-2023,18816.69922,0.003265718
21-06-2023,18856.84961,0.002133764
22-06-2023,18771.25,-0.004539444
23-06-2023,18665.5,-0.005633615
26-06-2023,18691.19922,0.00137683
27-06-2023,18817.40039,0.006751903
28-06-2023,18972.09961,0.008221073
30-06-2023,19189.05078,0.011435275
03-07-2023,19322.55078,0.006957092
04-07-2023,19389,0.003438947
05-07-2023,19398.5,0.000489969
06-07-2023,19497.30078,0.005093218
07-07-2023,19331.80078,-0.008488354
10-07-2023,19355.90039,0.00124663
11-07-2023,19439.40039,0.00431393
12-07-2023,19384.30078,-0.002834429
13-07-2023,19413.75,0.00151923
14-07-2023,19564.5,0.007765115
17-07-2023,19711.44922,0.007511013
18-07-2023,19749.25,0.001917707
19-07-2023,19833.15039,0.004248282
20-07-2023,19979.15039,0.007361412
21-07-2023,19745,-0.011719737
24-07-2023,19672.34961,-0.003679432
25-07-2023,19680.59961,0.00041937
26-07-2023,19778.30078,0.004964339
27-07-2023,19659.90039,-0.005986378
28-07-2023,19646.05078,-0.00070446
31-07-2023,19753.80078,0.005484563
01-08-2023,19733.55078,-0.001025119
02-08-2023,19526.55078,-0.010489749
03-08-2023,19381.65039,-0.007420685
04-08-2023,19517,0.006983389
07-08-2023,19597.30078,0.004114402
08-08-2023,19570.84961,-0.001349735
09-08-2023,19632.55078,0.003152708
10-08-2023,19543.09961,-0.004556268
11-08-2023,19428.30078,-0.005874136
14-08-2023,19434.55078,0.000321696
16-08-2023,19465,0.001566757
17-08-2023,19365.25,-0.005124583
18-08-2023,19310.15039,-0.002845283
21-08-2023,19393.59961,0.004321521
22-08-2023,19396.44922,0.000146936
23-08-2023,19444,0.00245152
24-08-2023,19386.69922,-0.002946965
25-08-2023,19265.80078,-0.006236154
28-08-2023,19306.05078,0.002089194
29-08-2023,19342.65039,0.001895758
30-08-2023,19347.44922,0.000248096
31-08-2023,19253.80078,-0.004840351
01-09-2023,19435.30078,0.00942671
04-09-2023,19528.80078,0.004810834
05-09-2023,19574.90039,0.002360596
06-09-2023,19611.05078,0.001846773
07-09-2023,19727.05078,0.005915032
08-09-2023,19819.94922,0.00470919
11-09-2023,19996.34961,0.008900143
12-09-2023,19993.19922,-0.000157548
13-09-2023,20070,0.003841345
14-09-2023,20103.09961,0.001649208
15-09-2023,20192.34961,0.004439614
18-09-2023,20133.30078,-0.002924317
20-09-2023,19901.40039,-0.01151825
21-09-2023,19742.34961,-0.007991939
22-09-2023,19674.25,-0.003449418
25-09-2023,19674.55078,1.52881E-05
26-09-2023,19664.69922,-0.000500726
27-09-2023,19716.44922,0.002631619
28-09-2023,19523.55078,-0.00978363
29-09-2023,19638.30078,0.005877517
03-10-2023,19528.75,-0.005578425
04-10-2023,19436.09961,-0.004744307
05-10-2023,19545.75,0.005641584
06-10-2023,19653.5,0.005512707
09-10-2023,19512.34961,-0.007181947
10-10-2023,19689.84961,0.009096803
11-10-2023,19811.34961,0.006170692
12-10-2023,19794,-0.000875741
13-10-2023,19751.05078,-0.00216981
16-10-2023,19731.75,-0.000977203
17-10-2023,19811.5,0.004041709
18-10-2023,19671.09961,-0.007086813
19-10-2023,19624.69922,-0.00235881
20-10-2023,19542.65039,-0.004180896
23-10-2023,19281.75,-0.013350307
25-10-2023,19122.15039,-0.008277237
26-10-2023,18857.25,-0.013853065
27-10-2023,19047.25,0.0100757
30-10-2023,19140.90039,0.004916741
31-10-2023,19079.59961,-0.003202607
01-11-2023,18989.15039,-0.004740625
02-11-2023,19133.25,0.007588523
03-11-2023,19230.59961,0.005087981
06-11-2023,19411.75,0.009419903
07-11-2023,19406.69922,-0.000260192
08-11-2023,19443.5,0.001896293
09-11-2023,19395.30078,-0.002478937
10-11-2023,19425.34961,0.001549284
13-11-2023,19443.55078,0.00093698
15-11-2023,19675.44922,0.011926754
16-11-2023,19765.19922,0.004561522
17-11-2023,19731.80078,-0.00168976
20-11-2023,19694,-0.001915729
21-11-2023,19783.40039,0.004539473
22-11-2023,19811.84961,0.001438035
23-11-2023,19802,-0.000497157
24-11-2023,19794.69922,-0.000368689
28-11-2023,19889.69922,0.004799265
29-11-2023,20096.59961,0.010402389
30-11-2023,20133.15039,0.001818755
01-12-2023,20267.90039,0.006692942
04-12-2023,20686.80078,0.020668169
05-12-2023,20855.09961,0.008135566
06-12-2023,20937.69922,0.003960643
07-12-2023,20901.15039,-0.001745599
08-12-2023,20969.40039,0.003265371
11-12-2023,20997.09961,0.001320935
12-12-2023,20906.40039,-0.004319607
13-12-2023,20926.34961,0.000954216
14-12-2023,21182.69922,0.012250087
15-12-2023,21456.65039,0.012932779
18-12-2023,21418.65039,-0.001771013
19-12-2023,21453.09961,0.001608375
20-12-2023,21150.15039,-0.014121466
21-12-2023,21255.05078,0.004959794
22-12-2023,21349.40039,0.004438927
26-12-2023,21441.34961,0.004306876
27-12-2023,21654.75,0.00995275
28-12-2023,21778.69922,0.005723881
29-12-2023,21731.40039,-0.002171793
01-01-2024,21741.90039,0.000483172
02-01-2024,21665.80078,-0.003500136
03-01-2024,21517.34961,-0.006851866
04-01-2024,21658.59961,0.00656447
05-01-2024,21710.80078,0.002410182
08-01-2024,21513,-0.009110709
09-01-2024,21544.84961,0.001480482
10-01-2024,21618.69922,0.003427715
11-01-2024,21647.19922,0.001318303
12-01-2024,21894.55078,0.011426493
15-01-2024,22097.44922,0.009267075
16-01-2024,22032.30078,-0.002948233
17-01-2024,21571.94922,-0.020894394
18-01-2024,21462.25,-0.005085272
19-01-2024,21622.40039,0.007461957
23-01-2024,21238.80078,-0.017740843
24-01-2024,21453.94922,0.010129971
25-01-2024,21352.59961,-0.004724054
29-01-2024,21737.59961,0.018030591
30-01-2024,21522.09961,-0.009913698
31-01-2024,21725.69922,0.009460025
01-02-2024,21697.44922,-0.001300303
02-02-2024,21853.80078,0.007205988
05-02-2024,21771.69922,-0.003756855
06-02-2024,21929.40039,0.007243402
07-02-2024,21930.5,5.01432E-05
08-02-2024,21717.94922,-0.009692017
09-02-2024,21782.5,0.002972232
12-02-2024,21616.05078,-0.007641419
13-02-2024,21743.25,0.00588448
14-02-2024,21840.05078,0.004451992
15-02-2024,21910.75,0.003237136
16-02-2024,22040.69922,0.005930843
19-02-2024,22122.25,0.003700009
20-02-2024,22196.94922,0.003376656
21-02-2024,22055.05078,-0.0063927
22-02-2024,22217.44922,0.007363322
23-02-2024,22212.69922,-0.000213796
26-02-2024,22122.05078,-0.004080929
27-02-2024,22198.34961,0.003448994
28-02-2024,21951.15039,-0.011135928
29-02-2024,21982.80078,0.001441856
01-03-2024,22338.75,0.016192169
04-03-2024,22405.59961,0.00299254
05-03-2024,22356.30078,-0.002200291
06-03-2024,22474.05078,0.005266972
07-03-2024,22493.55078,0.000867667
11-03-2024,22332.65039,-0.007153179
12-03-2024,22335.69922,0.000136519
13-03-2024,21997.69922,-0.015132725
14-03-2024,22146.65039,0.006771216
15-03-2024,22023.34961,-0.005567469
18-03-2024,22055.69922,0.001468878
19-03-2024,21817.44922,-0.010802197
20-03-2024,21839.09961,0.000992343
21-03-2024,22011.94922,0.007914686
22-03-2024,22096.75,0.003852489
26-03-2024,22004.69922,-0.004165806
27-03-2024,22123.65039,0.005405717
28-03-2024,22326.90039,0.009187001
01-04-2024,22462,0.006050979
02-04-2024,22453.30078,-0.000387286
03-04-2024,22434.65039,-0.00083063
04-04-2024,22514.65039,0.003565912
05-04-2024,22513.69922,-4.22468E-05
08-04-2024,22666.30078,0.006778165
09-04-2024,22642.75,-0.001039022
10-04-2024,22753.80078,0.004904474
12-04-2024,22519.40039,-0.010301593
15-04-2024,22272.5,-0.010963897
16-04-2024,22147.90039,-0.005594325
18-04-2024,21995.84961,-0.006865246
19-04-2024,22147,0.006871769
22-04-2024,22336.40039,0.008551966
23-04-2024,22368,0.001414714
24-04-2024,22402.40039,0.001537929
25-04-2024,22570.34961,0.00749693
26-04-2024,22419.94922,-0.006663627
29-04-2024,22643.40039,0.009966623
30-04-2024,22604.84961,-0.001702517
02-05-2024,22648.19922,0.001917713
03-05-2024,22475.84961,-0.007609859
06-05-2024,22442.69922,-0.001474934
07-05-2024,22302.5,-0.006246986
08-05-2024,22302.5,0
09-05-2024,21957.5,-0.015469118
10-05-2024,22055.19922,0.004449469
13-05-2024,22104.05078,0.002214968
14-05-2024,22217.84961,0.005148325
15-05-2024,22200.55078,-0.0007786
16-05-2024,22403.84961,0.009157378
17-05-2024,22466.09961,0.00277854
21-05-2024,22529.05078,0.002802052
22-05-2024,22597.80078,0.003051615
23-05-2024,22967.65039,0.01636662
24-05-2024,22957.09961,-0.000459376
27-05-2024,22932.44922,-0.001073759
28-05-2024,22888.15039,-0.001931709
29-05-2024,22704.69922,-0.008015116
30-05-2024,22488.65039,-0.0095156
31-05-2024,22530.69922,0.00186978
03-06-2024,23263.90039,0.032542318
04-06-2024,21884.5,-0.059293599
05-06-2024,22620.34961,0.033624237
06-06-2024,22821.40039,0.008888049
07-06-2024,23290.15039,0.020539931
10-06-2024,23259.19922,-0.001328938
11-06-2024,23264.84961,0.000242931
12-06-2024,23322.94922,0.002497313
13-06-2024,23398.90039,0.003256499
14-06-2024,23465.59961,0.002850528
18-06-2024,23557.90039,0.003933451
19-06-2024,23516,-0.001778613
20-06-2024,23567,0.002168736
21-06-2024,23501.09961,-0.0027963
24-06-2024,23537.84961,0.001563757
25-06-2024,23721.30078,0.00779388
26-06-2024,23868.80078,0.00621804
27-06-2024,24044.5,0.007361041
28-06-2024,24010.59961,-0.001409902
01-07-2024,24141.94922,0.005470484
02-07-2024,24123.84961,-0.000749716
03-07-2024,24286.5,0.006742307
04-07-2024,24302.15039,0.000644407
05-07-2024,24323.84961,0.000892893
08-07-2024,24320.55078,-0.000135621
09-07-2024,24433.19922,0.004631821
10-07-2024,24324.44922,-0.004450911
11-07-2024,24315.94922,-0.000349443
12-07-2024,24502.15039,0.007657574
15-07-2024,24586.69922,0.00345067
16-07-2024,24613,0.001069716
18-07-2024,24800.84961,0.00763213
19-07-2024,24530.90039,-0.010884676
22-07-2024,24509.25,-0.000882576
23-07-2024,24479.05078,-0.001232156
24-07-2024,24413.5,-0.002677832
25-07-2024,24406.09961,-0.000303127
26-07-2024,24834.84961,0.01756733
29-07-2024,24836.09961,5.03325E-05
30-07-2024,24857.30078,0.000853643
31-07-2024,24951.15039,0.003775535
01-08-2024,25010.90039,0.002394679
02-08-2024,24717.69922,-0.011722935
05-08-2024,24055.59961,-0.026786458
06-08-2024,23992.55078,-0.002620963
07-08-2024,24297.5,0.012710162
08-08-2024,24117,-0.007428748
09-08-2024,24367.5,0.010386864
12-08-2024,24347,-0.000841284
13-08-2024,24139,-0.008543147
14-08-2024,24143.75,0.000196777
16-08-2024,24541.15039,0.016459762
19-08-2024,24572.65039,0.001283558
20-08-2024,24698.84961,0.005135759
21-08-2024,24770.19922,0.002888783
22-08-2024,24811.5,0.001667358
23-08-2024,24823.15039,0.000469556
26-08-2024,25010.59961,0.007551387
27-08-2024,25017.75,0.000285894
28-08-2024,25052.34961,0.001383002
29-08-2024,25151.94922,0.003975659
30-08-2024,25235.90039,0.00333776
02-09-2024,25278.69922,0.00169595
03-09-2024,25279.84961,4.55083E-05
04-09-2024,25198.69922,-0.003210082
05-09-2024,25145.09961,-0.002127078
06-09-2024,24852.15039,-0.01165035
09-09-2024,24936.40039,0.003390049
10-09-2024,25041.09961,0.00419865
11-09-2024,24918.44922,-0.004897963
12-09-2024,25388.90039,0.018879633
13-09-2024,25356.5,-0.001276164
16-09-2024,25383.75,0.001074675
17-09-2024,25418.55078,0.001370987
18-09-2024,25377.55078,-0.001612995
19-09-2024,25415.80078,0.001507238
20-09-2024,25790.94922,0.014760441
23-09-2024,25939.05078,0.005742385
24-09-2024,25940.40039,5.203E-05
25-09-2024,26004.15039,0.002457557
26-09-2024,26216.05078,0.008148714
27-09-2024,26178.94922,-0.001415223
30-09-2024,25810.84961,-0.014060901
01-10-2024,25796.90039,-0.00054044
03-10-2024,25250.09961,-0.021196375
04-10-2024,25014.59961,-0.009326696
07-10-2024,24795.75,-0.008748875
08-10-2024,25013.15039,0.008767647
09-10-2024,24981.94922,-0.001247391
10-10-2024,24998.44922,0.000660477
11-10-2024,24964.25,-0.001368054
14-10-2024,25127.94922,0.006557346
15-10-2024,25057.34961,-0.002809605
16-10-2024,24971.30078,-0.003434075
17-10-2024,24749.84961,-0.008868227
18-10-2024,24854.05078,0.004210174
21-10-2024,24781.09961,-0.002935182
22-10-2024,24472.09961,-0.01246918
23-10-2024,24435.5,-0.001495565
24-10-2024,24399.40039,-0.001477343
25-10-2024,24180.80078,-0.008959221
28-10-2024,24339.15039,0.006548568
29-10-2024,24466.84961,0.005246659
30-10-2024,24340.84961,-0.005149825
31-10-2024,24205.34961,-0.005566774
01-11-2024,24304.34961,0.004090005
04-11-2024,23995.34961,-0.012713774
05-11-2024,24213.30078,0.009083059
06-11-2024,24484.05078,0.011181871
07-11-2024,24199.34961,-0.011628026
08-11-2024,24148.19922,-0.002113709
11-11-2024,24141.30078,-0.000285671
12-11-2024,23883.44922,-0.010680931
13-11-2024,23559.05078,-0.013582562
14-11-2024,23532.69922,-0.001118532
18-11-2024,23453.80078,-0.003352715
19-11-2024,23518.5,0.002758581
21-11-2024,23349.90039,-0.007168808
22-11-2024,23907.25,0.023869464
25-11-2024,24221.90039,0.013161296
26-11-2024,24194.5,-0.001131224
27-11-2024,24274.90039,0.003323085
28-11-2024,23914.15039,-0.014861029
29-11-2024,24131.09961,0.009072002
02-12-2024,24276.05078,0.00600682
03-12-2024,24457.15039,0.007460011
04-12-2024,24467.44922,0.000421097
05-12-2024,24708.40039,0.009847826
06-12-2024,24677.80078,-0.001238429
09-12-2024,24619,-0.00238274
10-12-2024,24610.05078,-0.000363509
11-12-2024,24641.80078,0.001290123
12-12-2024,24548.69922,-0.003778196
13-12-2024,24768.30078,0.008945548
16-12-2024,24668.25,-0.004039469
17-12-2024,24336,-0.01346873
18-12-2024,24198.84961,-0.0056357
19-12-2024,23951.69922,-0.010213312
20-12-2024,23587.5,-0.015205569
23-12-2024,23753.44922,0.007035473
24-12-2024,23727.65039,-0.001086109
26-12-2024,23750.19922,0.000950319
27-12-2024,23813.40039,0.00266108
30-12-2024,23644.90039,-0.007075848
31-12-2024,23644.80078,-4.21272E-06
01-01-2025,23742.90039,0.004148887
02-01-2025,24188.65039,0.018774033
03-01-2025,24004.75,-0.007602755
06-01-2025,23616.05078,-0.016192596
07-01-2025,23707.90039,0.003889287
08-01-2025,23688.94922,-0.000799361
09-01-2025,23526.5,-0.006857595
10-01-2025,23431.5,-0.004038
13-01-2025,23085.94922,-0.014747275
14-01-2025,23176.05078,0.003902874
15-01-2025,23213.19922,0.00160288
16-01-2025,23311.80078,0.004247651
17-01-2025,23203.19922,-0.004658652
20-01-2025,23344.75,0.006100486
21-01-2025,23024.65039,-0.013711846
22-01-2025,23155.34961,0.005676491
23-01-2025,23205.34961,0.002159328
24-01-2025,23092.19922,-0.004876048
27-01-2025,22829.15039,-0.011391242
28-01-2025,22957.25,0.00561123
29-01-2025,23163.09961,0.008966649
30-01-2025,23249.5,0.003730088
31-01-2025,23508.40039,0.01113574
01-02-2025,23482.15039,-0.001116622
03-02-2025,23361.05078,-0.005157092
04-02-2025,23739.25,0.016189307
05-02-2025,23696.30078,-0.001809207
06-02-2025,23603.34961,-0.003922603
07-02-2025,23559.94922,-0.001838739
10-02-2025,23381.59961,-0.007570034
11-02-2025,23071.80078,-0.013249685
12-02-2025,23045.25,-0.001150789
13-02-2025,23031.40039,-0.000600975
14-02-2025,22929.25,-0.004435266
17-02-2025,22959.5,0.001319276
18-02-2025,22945.30078,-0.000618446
19-02-2025,22932.90039,-0.000540433
20-02-2025,22913.15039,-0.000861208
21-02-2025,22795.90039,-0.005117149
24-02-2025,22553.34961,-0.010640105
25-02-2025,22547.55078,-0.000257116
27-02-2025,22545.05078,-0.000110877
28-02-2025,22124.69922,-0.01864496
03-03-2025,22119.30078,-0.000244
04-03-2025,22082.65039,-0.001656942
05-03-2025,22337.30078,0.011531695
06-03-2025,22544.69922,0.009284848
07-03-2025,22552.5,0.000346014
10-03-2025,22460.30078,-0.004088204
11-03-2025,22497.90039,0.001674047
12-03-2025,22470.5,-0.001217909
13-03-2025,22397.19922,-0.003262089
17-03-2025,22508.75,0.004980568
18-03-2025,22834.30078,0.014463299
19-03-2025,22907.59961,0.003210032
20-03-2025,23190.65039,0.012356196
21-03-2025,23350.40039,0.006888552
24-03-2025,23658.34961,0.013188177
25-03-2025,23668.65039,0.000435397
26-03-2025,23486.84961,-0.007681079
27-03-2025,23591.94922,0.004474828
28-03-2025,23519.34961,-0.003077304
01-04-2025,23165.69922,-0.015036572
02-04-2025,23332.34961,0.007193842
03-04-2025,23250.09961,-0.003525149
04-04-2025,22904.44922,-0.01486662
07-04-2025,22161.59961,-0.032432546
08-04-2025,22535.84961,0.016887319
09-04-2025,22399.15039,-0.006065856
11-04-2025,22828.55078,0.019170387
15-04-2025,23328.55078,0.021902398
16-04-2025,23437.19922,0.004657316
17-04-2025,23851.65039,0.017683477
21-04-2025,24125.55078,0.011483498
22-04-2025,24167.25,0.001728426
23-04-2025,24328.94922,0.006690841
24-04-2025,24246.69922,-0.003380746
25-04-2025,24039.34961,-0.008551663
28-04-2025,24328.5,0.012028212
29-04-2025,24335.94922,0.000306193
30-04-2025,24334.19922,-7.19101E-05
02-05-2025,24346.69922,0.00051368
05-05-2025,24461.15039,0.004700891
06-05-2025,24379.59961,-0.00333389
07-05-2025,24414.40039,0.001427455
08-05-2025,24273.80078,-0.00575888
09-05-2025,24008,-0.01095011
12-05-2025,24924.69922,0.038183073
13-05-2025,24578.34961,-0.013895839
14-05-2025,24666.90039,0.003602796
15-05-2025,25062.09961,0.016021438
16-05-2025,25019.80078,-0.001687761
19-05-2025,24945.44922,-0.002971709
20-05-2025,24683.90039,-0.010484831
21-05-2025,24813.44922,0.005248313
22-05-2025,24609.69922,-0.008211273
23-05-2025,24853.15039,0.009892489
26-05-2025,25001.15039,0.005954979
27-05-2025,24826.19922,-0.006997725
28-05-2025,24752.44922,-0.002970652
29-05-2025,24833.59961,0.003278479
30-05-2025,24750.69922,-0.003338235
02-06-2025,24716.59961,-0.001377723
03-06-2025,24542.5,-0.007043833
04-06-2025,24620.19922,0.003165905
05-06-2025,24750.90039,0.005308697
06-06-2025,25003.05078,0.010187524
09-06-2025,25103.19922,0.004005449
10-06-2025,25104.25,4.18585E-05
11-06-2025,25141.40039,0.001479845
12-06-2025,24888.19922,-0.010071085
13-06-2025,24718.59961,-0.006814459
16-06-2025,24946.5,0.009219794
17-06-2025,24853.40039,-0.003731971
18-06-2025,24812.05078,-0.001663741
19-06-2025,24793.25,-0.000757728
20-06-2025,25112.40039,0.012872471
23-06-2025,24971.90039,-0.005594845
24-06-2025,25044.34961,0.00290123
25-06-2025,25244.75,0.008001821
26-06-2025,25549,0.012052011
27-06-2025,25637.80078,0.003475705
30-06-2025,25517.05078,-0.004709842
01-07-2025,25541.80078,0.00096994
02-07-2025,25453.40039,-0.003461009
03-07-2025,25405.30078,-0.001889713
04-07-2025,25461,0.002192425
07-07-2025,25461.30078,1.18134E-05
08-07-2025,25522.5,0.002403617
09-07-2025,25476.09961,-0.001818019
10-07-2025,25355.25,-0.004743646
11-07-2025,25149.84961,-0.008100902
14-07-2025,25082.30078,-0.002685854
15-07-2025,25195.80078,0.004525103
16-07-2025,25212.05078,0.000644949
17-07-2025,25111.44922,-0.003990217
18-07-2025,24968.40039,-0.005696558
21-07-2025,25090.69922,0.004898144
22-07-2025,25060.90039,-0.001187644
23-07-2025,25219.90039,0.006344545
24-07-2025,25062.09961,-0.006256995
25-07-2025,24837,-0.008981674
28-07-2025,24680.90039,-0.006284962
29-07-2025,24821.09961,0.005680474
30-07-2025,24855.05078,0.001367835
31-07-2025,24768.34961,-0.003488272
01-08-2025,24565.34961,-0.008195944
04-08-2025,24722.75,0.006407415
05-08-2025,24649.55078,-0.002960804
06-08-2025,24574.19922,-0.003056914
07-08-2025,24596.15039,0.000893261
08-08-2025,24363.30078,-0.009466913
11-08-2025,24585.05078,0.009101804
12-08-2025,24487.40039,-0.003971942
13-08-2025,24619.34961,0.005388454
14-08-2025,24631.30078,0.000485438
18-08-2025,24876.94922,0.009973019
19-08-2025,24980.65039,0.004168565
20-08-2025,25050.55078,0.002798181
21-08-2025,25083.75,0.001325289
22-08-2025,24870.09961,-0.008517482
25-08-2025,24967.75,0.003926417
26-08-2025,24712.05078,-0.01024118
28-08-2025,24500.90039,-0.00854443
29-08-2025,24426.84961,-0.00302237
01-09-2025,24625.05078,0.00811407
02-09-2025,24579.59961,-0.001845729
03-09-2025,24715.05078,0.005510715
04-09-2025,24734.30078,0.000778878
05-09-2025,24741,0.000270847
08-09-2025,24773.15039,0.001299478
09-09-2025,24868.59961,0.00385293
10-09-2025,24973.09961,0.004202086
11-09-2025,25005.5,0.001297412
12-09-2025,25114,0.004339045
15-09-2025,25069.19922,-0.001783897
16-09-2025,25239.09961,0.006777256
17-09-2025,25330.25,0.003611476
18-09-2025,25423.59961,0.003685302
19-09-2025,25327.05078,-0.003797607
22-09-2025,25202.34961,-0.004923636
23-09-2025,25169.5,-0.001303434
24-09-2025,25056.90039,-0.004473653
25-09-2025,24890.84961,-0.006626948
26-09-2025,24654.69922,-0.009487438
29-09-2025,24634.90039,-0.000803045
30-09-2025,24611.09961,-0.000966141
01-10-2025,24836.30078,0.00915039
03-10-2025,24894.25,0.002333247
06-10-2025,25077.65039,0.007367179
07-10-2025,25108.30078,0.001222219
08-10-2025,25046.15039,-0.002475293
09-10-2025,25181.80078,0.005416018
10-10-2025,25285.34961,0.00411205
13-10-2025,25227.34961,-0.002293818
14-10-2025,25145.5,-0.003244479
15-10-2025,25323.55078,0.007080821
16-10-2025,25585.30078,0.010336228
17-10-2025,25709.84961,0.004867984
20-10-2025,25843.15039,0.005184814
21-10-2025,25868.59961,0.000984757
23-10-2025,25891.40039,0.000881408
24-10-2025,25795.15039,-0.003717451
27-10-2025,25966.05078,0.006625292
28-10-2025,25936.19922,-0.001149638
29-10-2025,26053.90039,0.004538104
30-10-2025,25877.84961,-0.006757176
31-10-2025,25722.09961,-0.006018661
03-11-2025,25763.34961,0.001603679
04-11-2025,25597.65039,-0.006431587
06-11-2025,25509.69922,-0.003435908
07-11-2025,25492.30078,-0.000682032
10-11-2025,25574.34961,0.003218573
11-11-2025,25694.94922,0.004715647
12-11-2025,25875.80078,0.007038409
13-11-2025,25879.15039,0.000129449
14-11-2025,25910.05078,0.001194026
17-11-2025,26013.44922,0.003990669
18-11-2025,25910.05078,-0.003974807
19-11-2025,26052.65039,0.005503641
20-11-2025,26192.15039,0.005354542
21-11-2025,26068.15039,-0.004734243
24-11-2025,25959.5,-0.004167936
25-11-2025,25884.80078,-0.002877529
26-11-2025,26205.30078,0.012381784
27-11-2025,26215.55078,0.000391142
28-11-2025,26202.94922,-0.00048069
01-12-2025,26175.75,-0.001038021
02-12-2025,26032.19922,-0.005484113
03-12-2025,25986,-0.001774695
04-12-2025,26033.75,0.001837528
05-12-2025,26186.44922,0.005865433
08-12-2025,25960.55078,-0.008626539
09-12-2025,25839.65039,-0.004657081
10-12-2025,25758,-0.003159888
11-12-2025,25898.55078,0.005456588
12-12-2025,26046.94922,0.00572999
15-12-2025,26027.30078,-0.000754347
16-12-2025,25860.09961,-0.006424069
17-12-2025,25818.55078,-0.001606677
18-12-2025,25815.55078,-0.000116196
19-12-2025,25966.40039,0.005843362
22-12-2025,26172.40039,0.007933329
23-12-2025,26177.15039,0.000181489
24-12-2025,26142.09961,-0.001338984
26-12-2025,26042.30078,-0.003817552
29-12-2025,25942.09961,-0.003847631
30-12-2025,25938.84961,-0.000125279
